{"cameraMode":{"drawMode":0,"name":"Shaded","section":"Shading Mode"},"sceneLighting":true,"audioPlay":false,"sceneViewState":{"m_AlwaysRefresh":false,"showFog":true,"showSkybox":true,"showFlares":true,"showImageEffects":true,"showParticleSystems":true,"showVisualEffectGraphs":true,"m_FxEnabled":true},"in2DMode":false,"pivot":{"x":-6.42035436630249,"y":10.013272285461426,"z":22.085350036621095},"rotation":{"x":-0.01229299046099186,"y":0.051570501178503039,"z":-0.0006347361486405134,"w":-0.9985951781272888},"size":28.84604835510254,"orthographic":false}